Trial_ID,Indication of Comparator Arm Type,Mention of Specific Patient Population or Disease Subtype,Highlighting of Key Efficacy Endpoints (from Summary),Clarity of Primary Objective Statement
NCT02125461,Single-Arm,True,False,False
NCT01721746,Single-Arm,False,True,False
NCT04008030,Single-Arm,False,True,True
NCT02617589,Single-Arm,False,False,True
NCT00910247,Single-Arm,False,False,False
NCT01668784,,False,True,False
NCT02231749,Single-Arm,False,True,True
NCT01642004,Single-Arm,False,True,False
NCT02555657,Single-Arm,False,True,False
NCT02494583,SOC,False,True,False
NCT02684292,,False,True,True
NCT02362594,Single-Arm,False,True,True
NCT01074047,Single-Arm,True,True,True
NCT04303780,Single-Arm,True,False,False
NCT02576977,SOC,False,True,True
NCT02625623,Single-Arm,False,False,False
NCT02625610,Single-Arm,False,False,False
NCT02853331,Single-Arm,False,True,True
NCT02220894,SOC,False,True,False
NCT01908426,Single-Arm,False,True,True
NCT05418673,Single-Arm,True,False,False
NCT02576574,Single-Arm,False,True,False
NCT02684006,,False,False,False
NCT02788279,SOC,False,False,False
NCT02027428,SOC,False,False,False
NCT02008227,,False,False,False
NCT01844505,Single-Arm,False,True,True
NCT02763579,Placebo,False,False,False
NCT02979899,Single-Arm,False,False,False
NCT02425891,,False,False,False
NCT05827081,Single-Arm,False,False,False
NCT01057810,Single-Arm,False,False,True
NCT01450761,Single-Arm,False,False,False
NCT03924869,Single-Arm,True,True,True
NCT01161498,Single-Arm,False,False,False
NCT00769704,Single-Arm,True,False,False
NCT02013167,SOC,False,True,False
NCT03155997,Single-Arm,False,False,True
NCT01160211,Single-Arm,False,False,False
NCT00002093,Single-Arm,False,True,False
NCT04427072,Single-Arm,True,False,False
NCT00887822,,False,False,False
NCT02437318,Single-Arm,False,True,False
NCT01974752,Single-Arm,False,False,False
NCT03642132,Active,False,False,False
NCT02107703,,False,True,True
NCT01440088,Single-Arm,False,False,True
NCT03786094,,False,False,False
NCT01770379,Single-Arm,False,False,False
NCT01358877,Placebo,False,False,False
NCT01684878,,False,False,False
NCT01287741,,False,False,False
NCT01174004,Single-Arm,False,False,True
NCT01064401,Single-Arm,False,False,False
NCT01715285,Single-Arm,False,False,True
NCT01059630,,False,False,False
NCT01892722,,True,False,False
NCT02435433,,False,False,True
NCT02285062,Single-Arm,False,False,False
NCT00026312,,False,False,False
NCT01846611,Single-Arm,False,False,True
NCT00073528,Single-Arm,True,False,False
NCT00262847,,True,False,False
NCT00981058,Single-Arm,False,False,False
NCT02451943,Single-Arm,False,False,True
NCT01239797,Single-Arm,False,False,False
NCT01564784,Single-Arm,False,True,False
NCT02970318,Single-Arm,False,False,False
NCT03066778,SOC,True,True,True
NCT00822393,,True,False,False
NCT02535091,Single-Arm,False,False,False
NCT01261325,,True,False,False
NCT01345669,Single-Arm,False,False,False
NCT01121393,Single-Arm,True,False,False
NCT01523587,Single-Arm,False,False,False
NCT01405053,,True,False,False
NCT03070392,Single-Arm,True,True,False
NCT01713946,Single-Arm,False,False,False
NCT02504489,Single-Arm,False,True,False
NCT02264574,Single-Arm,False,False,False
NCT01974440,Single-Arm,True,False,True
NCT04855747,Placebo,False,False,False
NCT02942004,Single-Arm,False,False,False
NCT02952586,SOC,False,False,False
NCT03511664,SOC,False,True,False
NCT01682083,,True,False,False
NCT03104374,Single-Arm,False,False,False
NCT01311687,Single-Arm,False,False,True
NCT01996865,Single-Arm,False,False,False
NCT01709578,Single-Arm,False,False,False
NCT03358875,Single-Arm,False,True,True
NCT01774344,Single-Arm,False,False,False
NCT02187367,Single-Arm,False,False,False
NCT03594747,,False,False,False
NCT02395172,Single-Arm,False,True,False
NCT01584648,,True,False,False
NCT02436668,Single-Arm,False,False,False
NCT01721057,Single-Arm,False,False,True
NCT01072981,Single-Arm,False,True,True
NCT00790036,Single-Arm,False,False,False
NCT03761225,Single-Arm,False,False,False
NCT01492686,Placebo,False,False,False
NCT04100018,Single-Arm,False,False,True
NCT02752074,Single-Arm,False,False,False
NCT01605227,Single-Arm,False,True,False
NCT01023308,Placebo,False,True,False
NCT02990338,Single-Arm,True,True,False
NCT01865747,Single-Arm,False,True,True
NCT01650805,Single-Arm,False,False,True
NCT04269200,Single-Arm,False,False,False
NCT01265849,SOC,False,True,False
NCT01599754,Single-Arm,False,False,False
NCT01454934,,False,False,False
NCT03038100,,False,False,False
NCT02246621,,False,False,True
NCT04572243,Single-Arm,False,False,False
NCT00139841,Single-Arm,False,False,False
NCT01946204,Single-Arm,True,False,True
NCT01847274,Placebo,False,False,False
NCT04793958,,True,False,False
NCT02003924,Single-Arm,False,False,True
NCT00375674,Single-Arm,False,False,False
NCT03937219,,False,False,False
NCT01327885,,False,False,False
NCT00785785,Single-Arm,True,False,False
NCT01223027,Single-Arm,False,False,False
NCT00281658,Placebo,False,False,False
NCT00424255,Placebo,False,False,False
NCT03596866,Single-Arm,False,False,False
NCT02422615,Single-Arm,False,False,False
NCT01437787,Single-Arm,False,True,False
NCT01265901,Single-Arm,False,True,False
NCT00878709,Single-Arm,False,False,True
NCT00651261,Single-Arm,False,False,True
NCT01761266,,False,False,False
NCT02075840,Active,False,False,False
NCT03273153,,False,False,False
NCT02296125,SOC,False,False,False
NCT02000622,SOC,True,False,False
NCT01828099,Single-Arm,True,False,False
NCT01077154,,False,False,False
NCT01999673,Single-Arm,False,False,False
NCT01813253,Single-Arm,False,True,False
NCT02134015,Single-Arm,False,True,False
NCT01945775,,True,False,False
NCT01555710,,False,False,False
NCT01774721,,True,False,False
NCT03125902,,False,False,False
NCT01667562,Single-Arm,True,True,False
NCT02390947,Single-Arm,False,True,True
NCT02766140,Single-Arm,False,False,False
NCT02322281,Single-Arm,False,False,True
NCT03095040,,False,True,False
NCT01829711,Single-Arm,False,False,False
NCT02039726,Single-Arm,False,True,False
NCT01280565,Single-Arm,True,False,False
NCT02470585,Single-Arm,False,True,False
NCT02106546,Single-Arm,True,False,True
NCT02163694,Single-Arm,True,True,False
NCT02481830,Single-Arm,False,True,True
NCT01933932,Single-Arm,True,False,True
NCT02340221,Placebo,False,False,False
NCT01673867,Single-Arm,False,True,False
NCT01000025,,True,False,False
NCT02718417,Single-Arm,False,False,False
NCT03141177,Single-Arm,False,False,True
NCT01402908,Single-Arm,False,False,True
NCT01924533,Single-Arm,False,False,False
NCT02184195,,False,False,False
NCT02449239,Single-Arm,False,False,False
NCT01909453,,True,False,False
NCT01772472,,False,False,False
NCT02302807,,False,False,False
NCT01303796,Single-Arm,False,False,False
NCT02546102,SOC,False,False,False
NCT01968213,Single-Arm,True,False,True
NCT01707992,Placebo,False,False,False
NCT01844986,Single-Arm,False,False,False
NCT01874353,Placebo,True,False,False
NCT02987543,Single-Arm,True,False,True
NCT02821416,Placebo,False,False,False
NCT00364351,Single-Arm,False,False,False
NCT01696084,Single-Arm,True,True,False
NCT02256436,Single-Arm,False,True,False
NCT02421939,Single-Arm,False,True,True
NCT02004522,Single-Arm,False,False,False
NCT02702401,Single-Arm,False,True,False
NCT02142738,SOC,False,False,False
NCT00673049,Single-Arm,False,True,False
NCT02775435,Single-Arm,True,True,False
NCT01232556,Active,False,True,True
NCT01332968,,False,True,False
NCT01578499,Single-Arm,False,True,True
NCT01712490,,False,True,False
NCT03390504,Single-Arm,False,False,True
NCT02388906,Single-Arm,False,False,True
NCT01746979,Placebo,False,True,False
NCT01956812,,False,False,False
NCT02578680,Single-Arm,False,True,False
NCT00565851,,False,False,False
NCT02105636,Single-Arm,False,True,True
NCT01662869,Placebo,False,False,False
NCT00789828,Single-Arm,False,False,False
NCT01722487,,False,False,False
NCT03262935,Single-Arm,False,False,True
NCT01479244,Single-Arm,False,False,False
NCT01524783,Single-Arm,False,False,True
NCT03504410,,False,False,False
NCT01482962,,False,False,False
NCT00861614,Single-Arm,False,False,False
NCT03268954,Single-Arm,False,True,True
NCT02993731,,True,False,False
NCT02629848,Single-Arm,False,True,False
NCT01757535,Placebo,False,False,False
NCT03051607,Single-Arm,False,False,False
NCT04335006,,False,False,False
NCT02200614,Single-Arm,False,False,True
NCT03447769,Single-Arm,True,False,False
NCT03626545,Single-Arm,False,False,False
NCT01767857,Single-Arm,False,False,True
NCT02274766,Placebo,False,False,False
NCT02826161,,False,False,False
NCT00974974,Single-Arm,False,False,False
NCT00627640,Single-Arm,False,False,False
NCT02252172,Single-Arm,False,True,True
NCT01568073,Single-Arm,False,False,False
NCT01610284,,False,False,True
NCT01849874,Single-Arm,False,False,False
NCT03834506,Single-Arm,False,True,True
NCT01722331,Single-Arm,False,False,False
NCT01630733,,False,True,False
NCT01636687,Single-Arm,False,True,False
NCT03986424,,False,False,False
NCT02672852,,False,False,False
NCT04928846,SOC,True,False,True
NCT03834493,Single-Arm,False,True,True
NCT02445807,Single-Arm,False,False,False
NCT02346240,Active,True,False,True
NCT02264990,Single-Arm,True,False,True
NCT01708629,Single-Arm,False,False,True
NCT01875003,Placebo,True,False,False
NCT02588261,Single-Arm,True,True,False
NCT01798485,Single-Arm,False,False,True
NCT03789604,,False,False,False
NCT02797080,Single-Arm,False,False,False
NCT02152631,Single-Arm,False,False,True
NCT01090427,Single-Arm,True,False,False
NCT04305327,Single-Arm,True,False,False
NCT03906071,Single-Arm,False,False,False
NCT02767804,,False,False,True
NCT01377376,Single-Arm,False,True,False
NCT02606760,Single-Arm,False,False,True
NCT01947491,Single-Arm,False,False,False
NCT01987960,Single-Arm,False,False,False
NCT00042068,Single-Arm,False,False,False
NCT02760407,,False,False,False
NCT01856309,Single-Arm,False,False,True
NCT01377012,Single-Arm,False,False,False
NCT01234311,,False,False,False
NCT02438007,Single-Arm,False,False,True
NCT02048813,Single-Arm,False,False,False
NCT04844749,Single-Arm,False,True,False
NCT01183780,Single-Arm,False,True,True
NCT00399035,Single-Arm,False,False,True
NCT01001377,Single-Arm,False,True,False
NCT02077868,Single-Arm,False,False,False
NCT02605044,Single-Arm,False,False,False
NCT02870582,Single-Arm,False,False,False
NCT02016482,Single-Arm,False,False,False
NCT02149108,Single-Arm,False,False,False
NCT04053387,Single-Arm,True,False,False
NCT03686683,SOC,False,False,False
NCT02319837,,False,False,True
NCT01309126,,False,False,False
NCT01875653,Single-Arm,False,False,False
NCT01866319,Single-Arm,False,True,False
NCT01689519,Single-Arm,True,True,False
NCT01958021,Single-Arm,False,False,False
NCT02967692,Single-Arm,False,False,False
NCT02288897,SOC,False,True,False
NCT04322539,Placebo,False,False,False
NCT02678572,Single-Arm,False,False,False
NCT02151981,,True,False,False
NCT02905331,Single-Arm,False,False,False
NCT02462083,Single-Arm,False,False,False
NCT01866163,Single-Arm,False,False,False
NCT00876395,Single-Arm,False,False,False
NCT02267135,,True,False,True
NCT02008890,Single-Arm,True,False,False
NCT01807520,Single-Arm,False,False,False
NCT03668613,Single-Arm,True,False,False
NCT03897088,Placebo,False,False,False
NCT03701763,Placebo,True,False,False
NCT03777436,Placebo,False,False,False
NCT02629159,Active,True,False,False
NCT01939223,Single-Arm,False,False,False
NCT04009317,Single-Arm,False,False,False
NCT03134872,,False,False,False
NCT03668496,Placebo,True,False,False
NCT04203485,Single-Arm,False,False,False
NCT02367781,,False,False,False
NCT03866993,,False,False,False
NCT03274492,Placebo,False,False,False
NCT04182204,,False,False,False
NCT03773302,SOC,False,False,False
NCT02263508,Single-Arm,True,True,False
NCT01579188,Single-Arm,False,False,True
NCT01887886,Placebo,True,False,False
NCT00322452,Single-Arm,False,False,True
NCT00779402,Single-Arm,False,False,False
NCT03750786,,False,False,False
NCT02908672,Placebo,True,False,False
NCT01607957,Single-Arm,False,False,True
NCT02511106,Single-Arm,True,False,False
NCT01345682,Single-Arm,False,False,False
NCT02489318,Single-Arm,False,True,True
NCT02615873,,False,False,True
NCT03329508,Single-Arm,False,False,False
NCT00360568,Single-Arm,False,False,False
NCT03670953,,False,False,False
NCT04379050,SOC,True,False,True
NCT03025308,Single-Arm,False,False,False
NCT00641537,Single-Arm,False,False,False
NCT02634307,Single-Arm,True,False,False
NCT00955526,,False,False,True
NCT01014208,Single-Arm,False,False,False
NCT03349710,Single-Arm,False,False,False
NCT02541383,Single-Arm,False,True,True
NCT03452137,Single-Arm,False,False,False
NCT00085709,,False,False,False
NCT02224560,Single-Arm,False,False,False
NCT00761774,Single-Arm,False,False,False
NCT01389596,,True,False,False
NCT02072824,Single-Arm,True,False,False
NCT02519439,Single-Arm,True,False,False
NCT04391569,Single-Arm,False,False,False
NCT03572933,Single-Arm,True,False,False
NCT01393743,Single-Arm,True,False,False
NCT03739840,Single-Arm,False,False,False
NCT02823145,Single-Arm,False,False,False
NCT03864614,Single-Arm,True,False,False
NCT04371666,Single-Arm,False,False,False
NCT00310375,Single-Arm,True,False,True
NCT04128696,,False,False,False
NCT00629551,Placebo,False,False,True
NCT00531622,Placebo,False,False,True
NCT02450331,,False,False,False
NCT03353753,Placebo,False,False,False
NCT02417064,Single-Arm,False,False,True
NCT02951988,Single-Arm,False,False,False
NCT03675776,Single-Arm,False,False,False
NCT02041533,Single-Arm,False,False,True
NCT04000009,Single-Arm,False,False,False
NCT01360632,Single-Arm,False,False,False
NCT03610048,Single-Arm,False,False,True
NCT04853407,Single-Arm,False,False,True
NCT02046564,Single-Arm,False,False,False
NCT02576509,Single-Arm,False,False,True
NCT03110575,Single-Arm,False,False,False
NCT01850524,Single-Arm,False,False,True
NCT02516241,SOC,True,False,False
NCT02677896,Single-Arm,False,True,False
NCT00744497,Single-Arm,False,False,True
NCT02698475,Single-Arm,True,False,True
NCT01290939,Single-Arm,False,True,False
NCT03040999,Single-Arm,False,True,True
NCT02611960,Single-Arm,False,True,False
NCT02785900,Single-Arm,False,True,False
NCT03997123,Single-Arm,False,False,False
NCT01905592,Single-Arm,True,True,True
NCT02255552,Single-Arm,False,False,False
NCT02043678,Single-Arm,False,False,False
NCT02492711,,False,True,True
NCT03197935,Placebo,False,False,False
NCT03726879,Single-Arm,False,False,False
NCT03588091,Single-Arm,False,False,False
NCT02482753,Single-Arm,False,False,False
NCT02574455,Single-Arm,False,True,False
NCT03901339,Single-Arm,False,False,False
NCT01808573,,False,False,False
NCT01343277,Single-Arm,False,True,True
NCT03520959,Single-Arm,False,False,False
NCT01410565,Placebo,False,False,False
NCT00098475,,False,False,False
NCT03495921,Single-Arm,False,True,False
NCT04208178,Placebo,True,False,False
NCT03673501,,False,False,False
NCT03371017,Single-Arm,False,False,False
NCT05043402,,False,False,False
NCT02032823,Single-Arm,True,False,False
NCT02402712,Single-Arm,False,False,False
NCT02634801,Single-Arm,False,False,True
NCT01308580,Single-Arm,False,True,False
NCT00272987,,False,False,False
NCT03016312,,False,False,False
NCT02799602,Single-Arm,False,False,False
NCT03072238,Single-Arm,False,False,True
NCT02793128,Single-Arm,False,False,False
NCT02257736,Single-Arm,False,True,True
NCT03651128,,False,False,False
NCT01740427,Single-Arm,False,False,False
NCT03745716,,False,False,False
NCT04313881,Single-Arm,False,True,False
NCT02562443,Single-Arm,False,True,False
NCT01015118,Single-Arm,False,False,False
NCT02928224,,False,False,False
NCT03522246,Placebo,False,False,False
NCT02421588,,False,False,False
NCT04000295,Single-Arm,False,False,False
NCT04209855,,False,False,False
NCT01281254,Single-Arm,False,True,False
NCT01493505,Single-Arm,False,False,True
NCT02426125,Single-Arm,False,False,True
NCT01204749,Single-Arm,False,False,True
NCT00849667,Single-Arm,False,False,False
NCT03398655,,True,False,False
NCT02631876,,False,False,False
NCT02592434,Single-Arm,True,False,False
NCT02655016,Single-Arm,False,False,False
NCT02282020,SOC,False,False,False
NCT03091192,Single-Arm,False,False,True
NCT03465722,,False,False,False
NCT02627963,,False,True,False
NCT04195750,Single-Arm,False,True,False
NCT02741570,Single-Arm,False,False,True
NCT01582672,Single-Arm,False,True,True
NCT03024996,Placebo,False,False,False
NCT02420821,,False,False,False
NCT03616470,Single-Arm,False,False,False
NCT02049905,Single-Arm,False,False,True
NCT03416179,Single-Arm,True,False,False
NCT03729245,Single-Arm,False,True,True
NCT04129502,Single-Arm,True,False,True
NCT03260894,Single-Arm,False,False,False
NCT01649856,,False,False,False
NCT02811861,Single-Arm,False,True,False
NCT02545504,Single-Arm,False,True,False
NCT03224182,Placebo,False,False,False
NCT01667419,Placebo,True,False,False
NCT04527991,,False,True,False
NCT02569242,Single-Arm,False,False,False
NCT01200992,,False,False,False
NCT03474107,Single-Arm,False,True,False
NCT04223856,SOC,False,False,False
NCT02982395,Single-Arm,False,False,True
NCT03631199,Single-Arm,False,False,False
NCT02773849,Single-Arm,False,False,False
NCT03732677,Single-Arm,False,False,True
NCT01289028,Single-Arm,False,False,False
NCT02178956,Single-Arm,False,False,True
NCT01191801,Single-Arm,False,False,False
NCT03189719,SOC,False,True,False
NCT02348489,Single-Arm,True,False,False
NCT02920008,,False,False,False
NCT02907359,,False,False,False
NCT03173248,Placebo,True,True,False
NCT02668653,Single-Arm,True,False,False
NCT02577406,,True,False,False
NCT02752035,SOC,True,False,False
NCT02997202,,False,False,False
NCT02819518,Single-Arm,False,True,False
NCT02131064,,False,False,False
NCT01966471,,False,False,False
NCT03834519,SOC,False,True,True
NCT03721172,Placebo,False,False,False
NCT01655693,SOC,False,False,False
NCT04294810,,True,False,False
NCT03088540,Single-Arm,False,True,False
NCT03515629,Single-Arm,False,True,False
NCT04333147,Single-Arm,True,False,False
NCT04237116,Single-Arm,False,False,False
NCT00636168,Single-Arm,False,False,False
NCT04099251,Single-Arm,True,False,True
NCT03068455,Single-Arm,False,False,True
NCT01721772,Single-Arm,False,True,True
NCT01640808,Placebo,False,True,True
NCT03820986,Single-Arm,True,True,True
NCT03553836,Single-Arm,False,True,False
NCT02753127,,False,False,False
NCT00471497,Single-Arm,False,False,False
NCT00824265,Single-Arm,False,False,False
NCT02117479,Single-Arm,False,True,False
NCT03277105,Single-Arm,False,True,True
NCT04776148,SOC,False,True,True
NCT01290783,,False,False,False
NCT02755597,Placebo,False,False,False
NCT02563002,SOC,False,True,False
NCT02989857,Placebo,True,False,False
NCT01980888,SOC,False,True,False
NCT02082522,Single-Arm,False,True,False
NCT04266301,Placebo,True,False,False
NCT03855384,Single-Arm,False,False,False
NCT01077518,Single-Arm,False,False,False
NCT03493854,,False,False,False
NCT03345823,Single-Arm,True,False,False
NCT02578641,,False,True,False
NCT03689712,Single-Arm,False,False,False
NCT02630264,Single-Arm,False,False,False
NCT03358472,Single-Arm,False,False,False
NCT04590963,,False,False,False
NCT02369874,,False,False,True
NCT02726581,,False,False,True
NCT02760433,,False,False,False
NCT01080391,,True,True,False
NCT01568866,Single-Arm,False,True,False
NCT02936037,Single-Arm,False,False,True
NCT01855750,Single-Arm,True,False,True
NCT04404283,Single-Arm,False,False,False
NCT01889069,Single-Arm,False,False,False
NCT01564537,Single-Arm,False,False,True
NCT03391466,SOC,False,False,False
NCT02412878,Single-Arm,True,True,False
NCT03498716,Single-Arm,True,False,False
NCT03306264,,True,False,False
NCT03690388,Single-Arm,False,True,False
NCT00114101,,False,False,False
NCT05028582,Single-Arm,False,False,True
NCT03110562,Active,True,False,False
NCT04164901,Placebo,True,False,False
NCT01818752,Single-Arm,False,True,False
NCT02195479,Single-Arm,False,True,True
NCT02076009,Single-Arm,False,True,True
NCT02136134,Single-Arm,False,False,True
NCT01335399,Single-Arm,False,False,False
NCT02665065,Single-Arm,False,False,False
NCT03512197,Single-Arm,True,False,False
NCT03869892,Single-Arm,False,False,True
NCT01360853,Single-Arm,False,False,False
NCT02589821,,False,False,False
NCT03126435,Single-Arm,False,False,False
NCT02043288,Single-Arm,False,False,False
NCT02446899,Single-Arm,True,False,True
NCT04851873,Single-Arm,True,False,False
NCT04935359,Single-Arm,False,True,True
NCT03611751,Single-Arm,False,False,True
NCT03556202,Single-Arm,False,False,True
NCT01139580,Single-Arm,False,False,True
NCT02923921,Single-Arm,False,True,False
NCT03941093,,False,False,False
NCT04083235,Single-Arm,False,True,True
NCT02715804,Single-Arm,False,False,True
NCT03766295,Single-Arm,False,False,False
NCT01964430,Single-Arm,False,False,True
NCT02500043,Single-Arm,False,False,False
NCT01836432,SOC,False,True,False
NCT01444092,Single-Arm,True,False,False
NCT03653507,SOC,True,False,True
NCT04185649,Single-Arm,False,False,False
NCT04342910,Single-Arm,False,True,False
NCT02322593,Single-Arm,False,True,False
NCT02545283,Placebo,True,True,False
NCT03221426,Single-Arm,True,True,True
NCT03615326,SOC,False,True,False
NCT03675737,Single-Arm,True,True,True
NCT01285557,Single-Arm,False,False,True
NCT02370498,Single-Arm,False,True,False
NCT03434379,Single-Arm,False,False,False
NCT01755767,Single-Arm,False,False,True
NCT00908752,Single-Arm,False,True,True
NCT05089734,Single-Arm,False,False,False
NCT01876784,Single-Arm,False,True,True
NCT04340193,Single-Arm,False,False,True
NCT01602380,Single-Arm,False,False,False
NCT03713593,Single-Arm,True,True,True
NCT03298451,,False,False,False
NCT02312258,Single-Arm,False,False,True
NCT00901901,,True,False,False
NCT02352948,SOC,True,False,False
NCT01194570,,False,False,False
NCT04411641,Single-Arm,False,False,True
NCT03302234,Single-Arm,False,True,True
NCT01241500,Single-Arm,False,True,False
NCT02130557,,False,False,False
NCT02242942,,False,False,False
NCT02005471,,False,False,False
NCT01039376,SOC,False,False,False
NCT03097133,SOC,False,False,True
NCT04442503,Single-Arm,False,False,True
NCT03569475,Single-Arm,True,False,False
NCT03539744,Single-Arm,False,True,False
NCT03158688,Single-Arm,False,False,False
NCT04199104,Single-Arm,False,True,False
NCT00773747,Single-Arm,False,False,False
NCT04666038,Single-Arm,False,False,False
NCT03524092,Single-Arm,False,False,True
NCT03581786,Placebo,False,False,True
NCT00372593,,False,False,False
NCT04745832,,False,False,False
NCT01980875,Single-Arm,False,True,False
NCT01659021,Single-Arm,False,True,False
NCT02596893,Single-Arm,False,False,False
NCT01905943,Single-Arm,False,False,False
NCT01569295,Single-Arm,False,True,False
NCT02425644,Single-Arm,False,False,False
NCT03319667,,False,True,False
NCT01200589,Active,False,True,False
NCT06313996,SOC,True,False,True
NCT01369355,Single-Arm,False,False,True
NCT02240108,,False,False,True
NCT03105102,,False,False,False
NCT02914561,Single-Arm,False,False,False
NCT03961815,Single-Arm,False,False,False
NCT04232553,Single-Arm,False,False,False
NCT02403323,Single-Arm,False,False,False
NCT03627091,Single-Arm,False,False,True
NCT02611817,Single-Arm,False,False,True
NCT03290781,Single-Arm,False,False,True
NCT03945188,Single-Arm,False,False,True
NCT02435992,Single-Arm,False,False,True
NCT02065557,Single-Arm,True,False,False
NCT02118584,Single-Arm,False,False,False
NCT02915744,Active,False,False,False
NCT01882764,,False,False,False
NCT01470612,Single-Arm,False,False,False
NCT02849951,Single-Arm,False,False,True
NCT03653026,Single-Arm,False,False,False
NCT02611830,Single-Arm,False,False,True
NCT02972840,Single-Arm,False,False,False
NCT02522767,Single-Arm,False,False,False
NCT02093663,Single-Arm,True,False,False
NCT02612311,Single-Arm,False,False,False
NCT03570892,SOC,True,False,False
NCT04338061,Single-Arm,False,False,False
NCT03710655,Single-Arm,False,False,False
NCT02047734,Single-Arm,False,False,False
NCT02907177,Single-Arm,False,False,False
NCT02792231,Single-Arm,False,False,False
NCT04130997,Single-Arm,False,False,True
NCT03368664,Single-Arm,True,False,False
NCT02881567,Single-Arm,False,False,False
NCT01462318,Single-Arm,False,False,False
NCT02201108,,True,False,False
NCT01247324,,False,False,False
NCT02861014,Single-Arm,False,False,False
NCT01665144,Single-Arm,False,False,False
NCT03085810,Single-Arm,False,False,False
NCT02703272,Single-Arm,True,True,True
NCT05232825,Single-Arm,False,False,False
NCT05153239,,False,False,False
NCT05740566,SOC,False,True,True
NCT03061812,,False,False,False
NCT03033511,Placebo,False,False,False
NCT03703297,Placebo,False,False,False
NCT02566993,,False,False,False
NCT01767155,,False,False,False
NCT03884101,Single-Arm,False,True,True
NCT00883116,Single-Arm,False,True,True
NCT03555422,Placebo,False,False,False
NCT00770874,,True,False,False
NCT03257267,Single-Arm,False,True,True
NCT02853604,Single-Arm,False,False,False
NCT04697628,Single-Arm,False,False,False
NCT03830866,Placebo,False,False,True
NCT03602495,Placebo,False,True,False
NCT04211337,Single-Arm,False,False,False
NCT01321554,Placebo,False,True,False
NCT01843062,Single-Arm,False,False,False
NCT02017717,Single-Arm,False,False,False
NCT02796261,Single-Arm,False,False,True
NCT03149003,,False,False,False
NCT02511405,,True,False,False
NCT01691521,Single-Arm,False,False,False
NCT00777153,Single-Arm,False,False,True
NCT01480479,SOC,False,False,False
NCT04464564,Single-Arm,False,False,False
NCT01476904,Single-Arm,False,False,False
NCT01484496,Single-Arm,True,False,True
NCT02104674,Placebo,True,False,False
NCT03665441,,False,False,False
NCT03393000,SOC,False,False,False
NCT00943826,Placebo,False,False,False
NCT03149575,SOC,False,False,False
NCT02573324,Single-Arm,False,True,False
NCT05026177,,False,False,False
NCT03833167,,False,False,False
NCT01572038,Single-Arm,False,False,False
NCT03843125,Single-Arm,False,False,False
NCT03783442,Single-Arm,False,False,True
NCT03138512,Single-Arm,False,False,True
NCT04729608,,False,False,False
NCT04746924,Single-Arm,True,False,True
NCT03635983,Single-Arm,False,False,False
NCT01968031,,False,False,False
NCT02469090,,False,False,True
NCT03021499,Single-Arm,False,False,True
NCT01714817,Single-Arm,False,False,True
NCT04181762,Placebo,False,False,False
NCT03427151,Single-Arm,False,False,False
NCT02514967,Single-Arm,False,False,True
NCT03312907,,False,False,True
NCT03517722,SOC,False,False,True
NCT02256150,Single-Arm,False,True,False
NCT01408576,Single-Arm,False,False,False
NCT00626197,Placebo,False,False,False
NCT03952806,Single-Arm,False,False,True
NCT02292537,Single-Arm,False,False,False
NCT02796677,,False,False,True
NCT01908595,Single-Arm,False,False,False
NCT02933866,,False,False,False
NCT03412747,Single-Arm,False,False,False
NCT04211389,Single-Arm,False,False,True
NCT02207244,Single-Arm,False,False,True
NCT01646177,Single-Arm,False,False,True
NCT03778931,SOC,False,False,False
NCT00141921,Single-Arm,True,False,True
NCT03631706,Single-Arm,True,False,False
NCT03607539,Single-Arm,False,False,False
NCT03850795,,False,False,False
NCT03329846,Single-Arm,False,False,True
NCT03445533,,False,False,False
NCT04658862,Single-Arm,False,False,False
NCT02234115,Single-Arm,False,False,False
NCT02111577,Single-Arm,False,True,False
NCT03085095,Single-Arm,False,False,True
NCT01310894,,False,False,False
NCT03734016,Single-Arm,False,True,False
NCT02551159,,False,False,True
NCT01721876,Single-Arm,False,False,False
NCT02721069,Single-Arm,False,False,False
NCT00988156,,True,False,True
NCT01529034,Single-Arm,False,False,True
NCT04163900,SOC,False,True,False
NCT04869943,Single-Arm,False,False,False
NCT01644890,Single-Arm,False,True,False
NCT04799249,Placebo,False,False,False
NCT01734928,Single-Arm,False,False,True
NCT04177108,Single-Arm,False,False,False
NCT03337724,Single-Arm,False,False,False
NCT03073200,Single-Arm,True,False,True
NCT04109066,,False,False,False
NCT00069095,,False,False,False
NCT01566721,,False,False,False
NCT04538664,Single-Arm,True,True,True
NCT02054338,,False,False,False
NCT01953003,SOC,False,True,False
NCT03151408,,True,True,False
NCT02993523,,True,False,False
NCT04409223,Single-Arm,False,False,False
NCT02847429,Placebo,True,False,False
NCT00130728,Placebo,False,False,False
NCT03456076,,False,False,False
NCT03052608,Single-Arm,False,True,False
NCT04035486,Single-Arm,True,False,False
NCT03521154,Single-Arm,True,False,False
NCT02454933,,True,False,False
NCT03003962,,False,False,True
NCT03519971,Placebo,False,False,False
NCT03800134,Placebo,False,False,False
NCT02542293,,False,False,True
NCT03164616,SOC,True,False,True
NCT01544179,Single-Arm,False,False,True
NCT01085136,,True,False,True
NCT02411448,Single-Arm,True,False,True
NCT03829332,Single-Arm,True,True,True
NCT03976375,,False,True,False
NCT00982111,Single-Arm,False,False,False
NCT03976362,,False,True,False
NCT03976323,Single-Arm,False,True,False
NCT04689828,,False,False,True
NCT03425643,,False,True,False
NCT03191786,,False,False,False
NCT02181413,Single-Arm,False,True,True
NCT04194203,Single-Arm,False,False,False
NCT02657434,,False,False,False
NCT03735121,,False,False,False
NCT04026412,Single-Arm,False,False,False
NCT03142334,Single-Arm,True,False,True
NCT02737501,Single-Arm,False,True,False
NCT01235962,,False,False,False
NCT03215706,Single-Arm,False,False,True
NCT04197986,Placebo,True,False,False
NCT04209114,Single-Arm,False,False,False
NCT02632409,Single-Arm,False,False,True
NCT04149574,Single-Arm,False,False,False
NCT04410445,Single-Arm,True,False,True
NCT02367794,,False,False,False
NCT04025879,Single-Arm,False,False,False
NCT02864251,Single-Arm,True,False,True
NCT02409342,,False,False,False
NCT00911170,Placebo,False,True,False
NCT02603432,Single-Arm,False,False,True
NCT04003636,Single-Arm,False,True,False
NCT03783078,Single-Arm,True,True,False
NCT04181827,Single-Arm,False,False,True
NCT03575351,SOC,True,False,False
NCT03036488,Single-Arm,False,True,True
NCT02453282,,False,False,True
NCT01102426,Single-Arm,False,False,False
NCT02549092,Single-Arm,False,False,False
NCT03151811,,False,False,False
NCT03275285,Single-Arm,False,False,False
NCT00405756,Single-Arm,False,False,True
NCT02112175,Single-Arm,False,False,True
NCT03504423,,False,False,False
NCT04985136,,False,False,False
NCT02112656,Single-Arm,False,False,True
NCT02562755,,False,False,False
NCT01287585,Single-Arm,False,False,False
NCT02329860,,False,True,False
NCT03236649,Single-Arm,False,False,False
NCT00774345,Single-Arm,False,False,True
NCT02301156,Single-Arm,True,True,False
NCT01728805,Single-Arm,False,False,True
NCT02475681,Single-Arm,False,True,False
NCT01732913,Single-Arm,True,True,False
NCT01732926,Single-Arm,True,True,False
NCT02626455,Single-Arm,False,False,True
NCT02204982,Single-Arm,False,False,False
NCT01650701,SOC,False,False,True
NCT01200758,,False,False,False
NCT01777152,,False,False,False
NCT02448381,Single-Arm,False,False,False
NCT03053440,Single-Arm,True,False,False
NCT03138499,Single-Arm,False,False,True
NCT02899299,Single-Arm,False,False,True
NCT04685135,Single-Arm,True,False,False
NCT01098266,Single-Arm,False,False,False
NCT02165397,Single-Arm,False,False,True
NCT04478266,Single-Arm,False,True,False
NCT04613674,,False,False,True
NCT03052725,Placebo,False,False,False
NCT04487080,Single-Arm,True,False,True
NCT04471428,,True,False,False
NCT04642469,Placebo,True,False,False
NCT03734029,Single-Arm,False,False,False
NCT03548584,Single-Arm,False,False,False
NCT02817906,Placebo,False,False,False
NCT04544436,,False,False,False
NCT03562949,Single-Arm,False,False,False
NCT02414854,Single-Arm,False,False,False
NCT01285323,Single-Arm,False,False,False
NCT02139644,Single-Arm,False,False,False
NCT01907763,Single-Arm,False,False,False
NCT03347279,,True,False,False
NCT01686633,Active,False,False,False
NCT01698320,Placebo,False,False,True
NCT01791972,Single-Arm,False,False,False
NCT01257230,Single-Arm,True,False,False
NCT02126839,Single-Arm,True,False,False
NCT02918071,Single-Arm,False,False,False
NCT02075255,Single-Arm,False,False,False
NCT02091986,Single-Arm,True,False,False
NCT02924688,,False,False,False
NCT00079937,Single-Arm,True,False,False
NCT02194699,,True,False,False
NCT01867125,Placebo,False,False,False
NCT03137784,Single-Arm,False,False,False
NCT02555683,,False,False,True
NCT04121221,,False,False,False
NCT04049175,Single-Arm,False,False,False
NCT01416181,Placebo,False,False,False
NCT03771040,,False,False,True
NCT02948959,,True,False,False
NCT03248128,,True,False,False
NCT03654976,Single-Arm,True,False,False
NCT02538666,Single-Arm,False,True,True
NCT02676089,Single-Arm,False,False,True
NCT01774786,Placebo,False,False,False
NCT04459715,Single-Arm,False,False,False
NCT05223673,,False,True,False
NCT04740918,Single-Arm,False,False,False
NCT04752332,Single-Arm,False,False,True
NCT04786964,Single-Arm,False,True,False
NCT05104866,SOC,False,False,False
NCT03325556,Single-Arm,False,False,True
NCT02486718,,False,True,False
NCT00477906,Single-Arm,False,False,False
NCT04810078,Single-Arm,False,False,True
NCT04251533,Single-Arm,True,False,False
NCT02743494,Single-Arm,False,False,True
NCT04338269,,False,False,False
NCT05092360,,False,False,False
NCT04300114,Single-Arm,False,False,False
NCT02504372,Single-Arm,False,False,False
NCT04329949,Single-Arm,False,True,False
NCT04456699,,False,True,False
NCT04737187,,False,False,False
NCT04607421,Single-Arm,False,False,True
NCT02807636,Single-Arm,False,False,False
NCT00295620,Single-Arm,False,False,False
NCT06072781,Single-Arm,False,False,True
NCT04729387,Single-Arm,True,False,False
NCT04649060,,False,False,False
NCT04571645,Single-Arm,True,False,False
NCT04778397,Single-Arm,False,False,False
NCT05079230,Single-Arm,False,False,False
NCT04191499,Single-Arm,False,False,False
NCT04797780,Single-Arm,False,True,False
NCT04770896,,False,False,False
NCT01321541,Single-Arm,False,False,True
NCT04982237,Placebo,False,False,False
NCT03326674,,False,True,False
NCT04915755,Single-Arm,True,False,True
NCT03981796,Single-Arm,False,False,False
NCT00553358,Single-Arm,False,False,True
NCT03402841,Single-Arm,True,False,False
NCT03430843,Single-Arm,False,False,False
NCT03143153,Single-Arm,False,False,True
NCT02029157,Single-Arm,False,False,False
NCT01111552,,False,False,False
NCT02332499,Single-Arm,False,False,True
NCT02388919,Single-Arm,False,False,False
NCT02106832,Single-Arm,False,False,True
NCT04439890,,False,False,False
NCT03601975,,False,False,False
NCT04154956,,False,True,False
NCT04974398,,False,False,False
NCT03866980,,True,False,False
NCT03019588,Single-Arm,False,True,False
NCT04191096,SOC,False,True,True
NCT04816214,Single-Arm,True,False,False
NCT05002569,Single-Arm,False,False,True
NCT03529110,Single-Arm,False,False,False
NCT05493501,,True,False,False
NCT03308799,,False,False,False
NCT01095003,Single-Arm,False,True,False
NCT01419197,,False,False,False
NCT01578239,,False,False,False
NCT01611090,Single-Arm,False,False,True
NCT05014919,Single-Arm,True,False,True
NCT03859427,Single-Arm,False,False,False
NCT05065411,Single-Arm,False,False,False
NCT04987203,Single-Arm,False,False,False
NCT04093362,,False,False,False
NCT05020665,Single-Arm,False,False,False
NCT05964413,Placebo,False,False,False
NCT02594371,Single-Arm,False,False,False
NCT04738487,Single-Arm,False,False,False
NCT00718549,,False,False,True
NCT04988295,Single-Arm,False,False,True
NCT01516580,Single-Arm,True,False,False
NCT05134194,Single-Arm,False,False,False
NCT05128773,,False,False,False
NCT01387932,Single-Arm,False,True,True
NCT02727660,,False,False,False
NCT05600309,SOC,True,True,False
NCT02032277,Single-Arm,False,False,False
NCT04634877,Single-Arm,False,True,True
NCT04979442,,False,False,False
NCT03180736,Single-Arm,False,True,True
NCT03720470,Placebo,True,False,False
NCT05378763,Single-Arm,True,True,True
NCT03106987,Placebo,False,False,False
NCT02580058,Single-Arm,False,True,False
NCT05179239,Single-Arm,False,False,False
NCT05297565,Single-Arm,False,False,True
NCT05081167,Placebo,False,False,False
NCT02965118,Single-Arm,False,False,True
NCT05387707,,True,False,False
NCT02683941,Placebo,False,True,False
NCT05456191,Single-Arm,False,False,False
NCT03106779,,False,False,False
NCT02497287,Single-Arm,False,False,False
NCT03336333,Single-Arm,False,False,False
NCT03771664,Placebo,True,False,False
NCT06058793,Single-Arm,True,False,True
NCT02604342,,False,True,False
NCT05235516,Single-Arm,False,False,False
NCT03898180,Single-Arm,False,True,True
NCT03961529,Single-Arm,True,False,False
NCT05226598,Single-Arm,False,True,False
NCT05132075,,True,False,False
NCT04866017,Single-Arm,True,False,False
NCT01163253,Single-Arm,False,False,False
NCT05198934,Single-Arm,False,True,False
NCT04494425,Single-Arm,False,False,False
NCT04165317,Single-Arm,False,False,True
NCT04256421,,False,False,False
NCT05224141,Single-Arm,False,True,False
NCT05170204,Single-Arm,False,False,False
NCT02855944,Single-Arm,False,False,True
NCT03165734,,False,False,False
NCT02224157,Single-Arm,False,False,True
NCT01120184,,False,False,False
NCT05298423,Single-Arm,False,False,False
NCT01634139,Single-Arm,True,False,False
NCT00796445,Single-Arm,False,False,False
NCT05288166,Single-Arm,False,False,True
NCT03745638,Single-Arm,True,False,True
NCT03345914,Single-Arm,False,False,False
NCT03131648,Single-Arm,False,False,False
NCT03568318,Single-Arm,True,False,False
NCT03054428,Single-Arm,False,False,False
NCT02260986,Single-Arm,True,False,False
NCT02118792,Single-Arm,True,False,True
NCT04875169,Placebo,False,False,False
NCT04804605,Single-Arm,False,False,True
NCT05329545,Placebo,False,False,False
NCT05328908,Single-Arm,False,False,True
NCT02854072,Single-Arm,False,False,False
NCT02009423,Single-Arm,False,False,False
NCT05142774,Single-Arm,False,False,False
NCT03042611,Single-Arm,False,False,True
NCT03515837,Single-Arm,True,True,True
NCT02332512,Single-Arm,False,False,False
NCT03099382,,False,True,False
NCT05337553,Single-Arm,False,False,False
NCT05348577,Single-Arm,False,True,True
NCT03908970,Single-Arm,True,False,False
NCT03989349,,True,False,False
NCT02579863,SOC,False,True,True
NCT04540211,,False,False,True
NCT04543617,,False,False,True
NCT03635567,Single-Arm,True,True,True
NCT02586025,,False,False,False
NCT01100502,Placebo,False,False,False
NCT05386550,Single-Arm,False,True,True
NCT03957590,Placebo,False,False,False
NCT02186873,Single-Arm,False,False,True
NCT04007367,Placebo,True,False,False
NCT02008916,Single-Arm,False,False,False
NCT06472076,Single-Arm,False,True,False
NCT04594707,Single-Arm,False,False,False
NCT03875235,Single-Arm,False,False,False
NCT01322490,Single-Arm,False,True,True
NCT06635135,Single-Arm,False,False,True
NCT02541331,,True,False,False
NCT02514577,Single-Arm,True,False,False
NCT01639339,Single-Arm,True,False,True
NCT00482833,Single-Arm,False,False,False
NCT04662710,Single-Arm,False,True,True
NCT05603754,Placebo,False,False,False
NCT02101268,,True,True,True
NCT05784129,Single-Arm,False,False,True
NCT00671034,,False,False,False
NCT02941926,Single-Arm,False,False,True
NCT01871727,Single-Arm,False,True,False
NCT03435081,Single-Arm,True,False,True
NCT02278120,Single-Arm,False,True,False
NCT02024646,Single-Arm,False,False,False
NCT03781375,Single-Arm,True,False,True
NCT01942135,,False,False,False
NCT04162210,,False,False,False
NCT02166463,Single-Arm,True,False,False
NCT04656652,Single-Arm,False,False,False
NCT03374488,Single-Arm,False,False,False
NCT03361865,Single-Arm,False,False,False
NCT02101853,,False,False,False
NCT04551053,Single-Arm,False,False,False
NCT02696798,Single-Arm,False,False,True
NCT04173494,Active,True,False,False
NCT05665595,Single-Arm,False,True,True
NCT01969838,,False,False,True
NCT03589326,Single-Arm,True,False,False
NCT06045806,Single-Arm,True,False,True
NCT01796002,Single-Arm,False,True,False
NCT04115839,Single-Arm,False,False,False
NCT03896581,Single-Arm,False,False,False
NCT04115748,Single-Arm,False,False,False
NCT03895203,Single-Arm,False,False,False
NCT01860976,Single-Arm,False,False,True
NCT01550003,Single-Arm,True,False,False
NCT02181673,Single-Arm,False,False,True
NCT01976364,,False,False,False
NCT03633617,Single-Arm,True,False,False
NCT04753697,Placebo,True,False,False
NCT04394351,Single-Arm,True,False,True
NCT04543409,Placebo,False,False,False
NCT02605837,Single-Arm,True,False,False
NCT04921358,Single-Arm,False,False,True
NCT04551066,Single-Arm,False,False,False
NCT04468984,SOC,True,False,True
NCT04472598,SOC,True,False,True
NCT02598297,Single-Arm,True,True,False
NCT05197049,Single-Arm,False,False,True
NCT04612790,Single-Arm,False,False,True
NCT03689972,Single-Arm,False,False,True
NCT04417894,Single-Arm,False,False,False
NCT02915159,Single-Arm,False,False,True
NCT03952559,Single-Arm,True,False,False
NCT02430532,Single-Arm,False,False,False
NCT04234607,,False,False,False
NCT02376790,Single-Arm,True,False,True
NCT03675308,Single-Arm,False,False,True
NCT01752634,Single-Arm,False,False,False
NCT02349295,Single-Arm,False,False,True
NCT03158285,Single-Arm,False,False,True
NCT03526861,Single-Arm,True,False,True
NCT03053050,Single-Arm,True,False,False
NCT04305405,Single-Arm,True,False,False
NCT02548351,Single-Arm,False,False,False
NCT02704403,Single-Arm,False,False,False
NCT04669028,Single-Arm,True,False,False
NCT03900429,,False,False,False
NCT04104321,,False,False,False
NCT03028740,Single-Arm,True,False,False
NCT01900665,Single-Arm,False,False,False
NCT01931566,Single-Arm,False,False,True
NCT04628494,SOC,False,False,False
NCT03732820,Single-Arm,False,False,True
NCT04400331,Single-Arm,False,False,False
NCT04540497,Single-Arm,False,False,True
NCT00269438,Single-Arm,False,False,True
NCT05681481,Single-Arm,True,False,True
NCT03665038,Single-Arm,True,False,False
NCT04221945,Single-Arm,False,True,True
NCT04374253,Single-Arm,False,False,False
NCT01166282,Single-Arm,True,False,True
NCT02972658,Single-Arm,False,False,True
NCT02760602,Single-Arm,False,False,True
NCT02547818,Placebo,False,False,False
NCT03197740,Single-Arm,False,False,True
NCT01763164,,True,True,False
NCT03114657,Placebo,False,False,False
NCT02008357,Single-Arm,False,False,True
NCT05508789,Single-Arm,False,False,False
NCT02245568,Single-Arm,False,False,True
NCT01795859,Single-Arm,False,False,True
NCT05256134,,False,False,False
NCT00643409,Single-Arm,True,False,False
NCT04909801,Single-Arm,True,False,True
NCT03237325,Single-Arm,False,False,False
NCT04242446,Single-Arm,False,False,False
NCT03580356,Placebo,True,False,False
NCT03928743,Single-Arm,False,False,False
NCT02437162,Single-Arm,True,False,True
NCT03502616,Single-Arm,False,False,True
NCT04944784,Single-Arm,False,False,True
NCT04169373,Single-Arm,True,False,False
NCT02438787,Single-Arm,True,False,True
NCT02522780,Single-Arm,False,False,True
NCT04985968,Single-Arm,False,False,False
NCT02368717,Single-Arm,False,False,True
NCT02739165,Placebo,False,False,True
NCT02407236,Single-Arm,False,False,True
NCT03711162,Single-Arm,False,False,False
NCT03713619,Single-Arm,False,False,False
NCT01112722,Active,False,False,False
NCT02893098,Active,False,False,False
NCT02122601,Single-Arm,False,False,False
NCT01622569,Single-Arm,False,False,False
NCT03383471,Single-Arm,False,False,True
NCT01768520,Single-Arm,False,False,False
NCT03398135,Placebo,False,False,True
NCT00101582,Single-Arm,False,False,False
NCT01128959,Single-Arm,True,False,True
NCT02187809,Single-Arm,False,False,False
NCT02954887,,False,False,False
NCT04165824,Single-Arm,False,False,False
NCT03306043,SOC,False,False,False
NCT00097370,Single-Arm,False,False,False
NCT02980133,Single-Arm,True,False,False
NCT02935699,Active,False,False,False
NCT00034853,Single-Arm,True,False,False
NCT03955146,Single-Arm,False,False,False
NCT04320940,Placebo,False,False,False
NCT04123405,,False,False,False
NCT03031782,Placebo,False,False,False
NCT01844518,Single-Arm,True,False,True
NCT05288283,Single-Arm,True,False,False
NCT03000439,,False,False,False
NCT04678856,Single-Arm,False,False,False
NCT04684524,Single-Arm,False,False,False
NCT05295459,,False,False,False
NCT01284556,Single-Arm,False,False,False
NCT03773978,Single-Arm,False,False,False
NCT02936635,Placebo,False,False,True
NCT03569007,Single-Arm,True,False,False
NCT05163314,Single-Arm,True,False,False
NCT03960580,Placebo,False,False,False
NCT04681729,Single-Arm,True,False,False
NCT02898454,Single-Arm,False,False,False
NCT01336621,Single-Arm,True,False,False
NCT05024058,,False,False,False
NCT02277444,Single-Arm,True,False,True
NCT05604170,Single-Arm,True,False,False
NCT02834793,,False,False,False
NCT00249210,Single-Arm,True,False,True
NCT00908453,Single-Arm,False,False,False
NCT03201900,Single-Arm,False,False,False
NCT05905783,Single-Arm,False,False,False
NCT01468233,Single-Arm,True,False,False
NCT03398837,Placebo,False,False,False
NCT06230224,SOC,False,False,False
NCT01364597,Single-Arm,True,False,False
NCT06267001,Single-Arm,False,False,False
NCT03796676,,True,False,False
NCT04146363,Placebo,False,False,False
NCT03841773,Placebo,False,False,False
NCT03842969,Single-Arm,False,False,False
NCT05866926,Single-Arm,False,False,False
NCT02003222,,False,False,False
NCT03914612,Single-Arm,True,False,False
NCT05021536,,False,False,False
NCT03421496,Single-Arm,False,False,False
NCT04639310,Single-Arm,True,False,False
NCT01897896,Placebo,False,False,True
NCT02999178,Single-Arm,False,False,False
NCT02500381,Single-Arm,True,False,False
NCT04963270,Single-Arm,False,False,False
NCT01865084,Single-Arm,False,False,True
NCT05096221,Placebo,False,False,False
NCT02408523,Single-Arm,False,False,False
NCT02477839,,True,False,False
NCT03579966,Single-Arm,False,False,False
NCT05403541,,False,False,False
NCT02814019,Single-Arm,False,False,False
NCT04248465,Single-Arm,True,False,False
NCT03836716,,False,False,False
NCT04632940,Single-Arm,False,False,False
NCT05249556,Single-Arm,True,False,True
NCT02851797,Single-Arm,False,False,False
NCT02741271,Single-Arm,True,False,False
NCT03070119,Single-Arm,True,False,False
NCT02065570,Single-Arm,False,False,False
NCT03971422,Single-Arm,False,False,False
NCT01803412,,False,False,False
NCT02477618,Placebo,False,False,False
NCT05644561,Single-Arm,True,False,True
NCT02301624,Single-Arm,False,False,False
NCT03336450,Single-Arm,True,False,True
NCT01728077,Single-Arm,False,False,False
NCT02544763,Single-Arm,False,False,False
NCT02224703,Single-Arm,True,False,False
NCT01921205,,False,False,False
NCT04102501,Single-Arm,False,False,True
NCT03355209,,True,False,False
NCT04115293,,False,False,False
NCT01463306,Single-Arm,True,False,False
NCT04818671,Single-Arm,False,False,True
NCT03085797,SOC,True,False,False
NCT01626378,Single-Arm,True,False,True
NCT00133198,Single-Arm,True,False,False
NCT00363857,Single-Arm,False,False,False
NCT02153645,,False,False,False
NCT00069121,,False,False,False
NCT03703882,Single-Arm,True,False,False
NCT04951622,Single-Arm,False,False,True
NCT04281485,Placebo,False,False,False
NCT03710603,Single-Arm,False,True,False
NCT02397057,Placebo,False,False,False
NCT03770403,Single-Arm,False,False,False
NCT02799381,Single-Arm,False,False,False
NCT01960842,Single-Arm,False,False,False
NCT01854658,Placebo,False,False,False
NCT03920293,Single-Arm,False,False,True
NCT04714359,Single-Arm,False,False,False
NCT03759366,Single-Arm,True,False,True
NCT02579850,Single-Arm,False,False,False
NCT06422377,Single-Arm,False,False,True
NCT02518139,Single-Arm,False,False,True
NCT04456673,Single-Arm,False,False,False
NCT03573817,Single-Arm,False,False,False
NCT02119286,,False,False,False
NCT01697696,Single-Arm,False,False,True
NCT04535986,Single-Arm,False,False,True
NCT03095456,,False,False,False
NCT02164513,,False,False,False
NCT01089127,Single-Arm,False,False,False
NCT01431287,Single-Arm,False,False,False
NCT01032304,Single-Arm,False,False,False
NCT02886728,Single-Arm,True,False,False
NCT00225862,Single-Arm,False,False,False
NCT02465567,,False,False,False
NCT01682863,Single-Arm,False,False,False
NCT01772147,Single-Arm,False,False,False
NCT02276222,Single-Arm,False,False,False
NCT04472429,Placebo,False,False,False
NCT02157935,Single-Arm,False,False,False
NCT02296138,Single-Arm,False,False,False
NCT02165826,Single-Arm,False,False,True
NCT04569084,Single-Arm,False,False,False
NCT03311464,Single-Arm,False,False,False
NCT05006573,Placebo,True,False,False
NCT03460704,Single-Arm,False,False,False
NCT02104245,Single-Arm,False,False,False
NCT02597933,Placebo,False,False,False
NCT02326740,Single-Arm,False,False,False
NCT02347332,Single-Arm,False,False,False
NCT01519791,Single-Arm,True,False,False
NCT02647762,,False,False,False
NCT00350415,,False,False,False
NCT01202773,Single-Arm,False,False,True
